token,경주빈도,전주빈도,빈도합,경주비율,전주비율
한옥마을,0,304,304,0.0,100.0
일상,295,0,295,100.0,0.0
고고학,292,0,292,100.0,0.0
맛집,41,163,204,20.1,79.9
알라딘,137,54,191,71.7,28.3
코스,80,91,171,46.8,53.2
공원,10,141,151,6.6,93.4
한옥,35,102,137,25.5,74.5
마을,40,89,129,31.0,69.0
시간,47,79,126,37.3,62.7
투어,64,59,123,52.0,48.0
자평,112,10,122,91.8,8.2
박물관,15,105,120,12.5,87.5
지음,96,20,116,82.8,17.2
평점,92,20,112,82.1,17.9
역사,80,30,110,72.7,27.3
카페,46,57,103,44.7,55.3
불국사,103,0,103,100.0,0.0
고양이,96,0,96,100.0,0.0
경북,94,0,94,100.0,0.0
황윤,91,0,91,100.0,0.0
시리즈,91,0,91,100.0,0.0
개정,86,0,86,100.0,0.0
증보판,86,0,86,100.0,0.0
덕진,0,80,80,0.0,100.0
완산,0,80,80,0.0,100.0
비빔밥,0,80,80,0.0,100.0
황리,80,0,80,100.0,0.0
호텔,55,20,75,73.3,26.7
야경,74,0,74,100.0,0.0
첨성대,68,0,68,100.0,0.0
전북,0,67,67,0.0,100.0
추천,25,41,66,37.9,62.1
조선,0,65,65,0.0,100.0
사진,24,39,63,38.1,61.9
이야기,50,13,63,79.4,20.6
시장,5,57,62,8.1,91.9
체험,10,52,62,16.1,83.9
구경,20,40,60,33.3,66.7
생각,35,25,60,58.3,41.7
한국,5,52,57,8.8,91.2
가을,42,15,57,73.7,26.3
연꽃,1,55,56,1.8,98.2
신라,56,0,56,100.0,0.0
방문,21,34,55,38.2,61.8
가족,25,30,55,45.5,54.5
산책,15,39,54,27.8,72.2
이번,24,29,53,45.3,54.7
대릉원,52,0,52,100.0,0.0
문화,4,47,51,7.8,92.2
거리,25,26,51,49.0,51.0
석굴암,50,0,50,100.0,0.0
필수,5,45,50,10.0,90.0
우리,37,10,47,78.7,21.3
식당,6,41,47,12.8,87.2
버스,31,16,47,66.0,34.0
점심,30,16,46,65.2,34.8
벚꽃,36,10,46,78.3,21.7
오늘,36,9,45,80.0,20.0
서울,20,25,45,44.4,55.6
시작,30,15,45,66.7,33.3
터미널,17,28,45,37.8,62.2
본향,0,45,45,0.0,100.0
추억,7,36,43,16.3,83.7
보문,40,0,40,100.0,0.0
숙소,25,15,40,62.5,37.5
도착,25,15,40,62.5,37.5
후백제,0,40,40,0.0,100.0
부채,0,40,40,0.0,100.0
수학,38,0,38,100.0,0.0
시외버스,17,21,38,44.7,55.3
친구,17,21,38,44.7,55.3
계획,10,27,37,27.0,73.0
월지,37,0,37,100.0,0.0
위치,30,7,37,81.1,18.9
현대,25,11,36,69.4,30.6
남부,0,36,36,0.0,100.0
유적지,26,10,36,72.2,27.8
안압지,36,0,36,100.0,0.0
주차장,25,10,35,71.4,28.6
하늘,25,10,35,71.4,28.6
기차,30,5,35,85.7,14.3
아침,14,21,35,40.0,60.0
주상,35,0,35,100.0,0.0
풍경,23,12,35,65.7,34.3
기대,15,20,35,42.9,57.1
호수,5,30,35,14.3,85.7
장소,15,20,35,42.9,57.1
갈비,5,30,35,14.3,85.7
칠봉,0,35,35,0.0,100.0
저녁,15,20,35,42.9,57.1
아이,30,5,35,85.7,14.3
국내,19,15,34,55.9,44.1
사람,22,12,34,64.7,35.3
근처,8,25,33,24.2,75.8
동궁,32,0,32,100.0,0.0
도시,5,27,32,15.6,84.4
명소,2,30,32,6.2,93.8
전화,22,10,32,68.8,31.2
행복,27,5,32,84.4,15.6
다음,15,17,32,46.9,53.1
소리,17,15,32,53.1,46.9
광장,1,30,31,3.2,96.8
날씨,25,6,31,80.6,19.4
도서관,0,30,30,0.0,100.0
스탬프,30,0,30,100.0,0.0
에코,0,30,30,0.0,100.0
후기,20,10,30,66.7,33.3
대표,5,25,30,16.7,83.3
분위기,15,15,30,50.0,50.0
레시피,0,30,30,0.0,100.0
테마,5,25,30,16.7,83.3
황남,30,0,30,100.0,0.0
교촌,30,0,30,100.0,0.0
한복,0,30,30,0.0,100.0
시티,0,30,30,0.0,100.0
예전,1,29,30,3.3,96.7
절리,30,0,30,100.0,0.0
서재,10,19,29,34.5,65.5
생태,4,25,29,13.8,86.2
완주,0,28,28,0.0,100.0
먹거리,0,28,28,0.0,100.0
경기전,0,28,28,0.0,100.0
전동성당,0,28,28,0.0,100.0
마음,15,12,27,55.6,44.4
혼자,25,2,27,92.6,7.4
남문,0,27,27,0.0,100.0
여름,10,16,26,38.5,61.5
객사,0,26,26,0.0,100.0
커피,26,0,26,100.0,0.0
한잔,16,10,26,61.5,38.5
검색,11,15,26,42.3,57.7
케이,0,25,25,0.0,100.0
마지막,15,10,25,60.0,40.0
풍남문,0,25,25,0.0,100.0
대한민국,0,25,25,0.0,100.0
정교,25,0,25,100.0,0.0
사고,0,25,25,0.0,100.0
모습,5,20,25,20.0,80.0
만족,5,20,25,20.0,80.0
입장료,15,10,25,60.0,40.0
마중,0,25,25,0.0,100.0
콩나물국,0,25,25,0.0,100.0
이투,0,25,25,0.0,100.0
이곳,5,20,25,20.0,80.0
전통,0,25,25,0.0,100.0
이색,0,25,25,0.0,100.0
김밥,20,5,25,80.0,20.0
전라북도,0,25,25,0.0,100.0
여기,20,5,25,80.0,20.0
음식,0,25,25,0.0,100.0
느낌,25,0,25,100.0,0.0
견훤,0,25,25,0.0,100.0
국밥,5,20,25,20.0,80.0
숨결,5,20,25,20.0,80.0
순두부,25,0,25,100.0,0.0
오후,5,20,25,20.0,80.0
군산,0,25,25,0.0,100.0
운영,25,0,25,100.0,0.0
소개,15,10,25,60.0,40.0
아중,0,25,25,0.0,100.0
해외,10,15,25,40.0,60.0
볼거리,8,16,24,33.3,66.7
전국,0,24,24,0.0,100.0
사랑,10,14,24,41.7,58.3
퇴근,0,23,23,0.0,100.0
공간,0,22,22,0.0,100.0
청년,15,7,22,68.2,31.8
촬영,10,12,22,45.5,54.5
가격,11,11,22,50.0,50.0
주말,6,15,21,28.6,71.4
예술,0,21,21,0.0,100.0
성당,5,16,21,23.8,76.2
주차,20,0,20,100.0,0.0
소도시,0,20,20,0.0,100.0
절판,5,15,20,25.0,75.0
천마총,20,0,20,100.0,0.0
최근,15,5,20,75.0,25.0
자랑,5,15,20,25.0,75.0
브런치,0,20,20,0.0,100.0
택시,20,0,20,100.0,0.0
탐방,10,10,20,50.0,50.0
주변,15,5,20,75.0,25.0
백반,0,20,20,0.0,100.0
예약,10,10,20,50.0,50.0
연못,5,15,20,25.0,75.0
시대,10,10,20,50.0,50.0
목대,0,20,20,0.0,100.0
센터,5,15,20,25.0,75.0
서출지,20,0,20,100.0,0.0
도읍지,0,20,20,0.0,100.0
가게,2,18,20,10.0,90.0
동네,0,20,20,0.0,100.0
조성,0,20,20,0.0,100.0
전문점,0,20,20,0.0,100.0
축제,0,20,20,0.0,100.0
야시장,0,20,20,0.0,100.0
단풍,15,5,20,75.0,25.0
구판,5,15,20,25.0,75.0
피순대,0,20,20,0.0,100.0
시민,0,20,20,0.0,100.0
막걸리,5,15,20,25.0,75.0
낭만,5,15,20,25.0,75.0
동국,5,15,20,25.0,75.0
회관,0,20,20,0.0,100.0
자랑거리,0,20,20,0.0,100.0
완산구,0,19,19,0.0,100.0
정원,9,10,19,47.4,52.6
관광지,9,10,19,47.4,52.6
울산,18,0,18,100.0,0.0
기록,13,5,18,72.2,27.8
지역,8,10,18,44.4,55.6
지인,5,13,18,27.8,72.2
어디,5,13,18,27.8,72.2
데이트,5,12,17,29.4,70.6
식사,0,17,17,0.0,100.0
자리,10,7,17,58.8,41.2
시간표,2,15,17,11.8,88.2
먹방,0,17,17,0.0,100.0
사지,17,0,17,100.0,0.0
공연,0,17,17,0.0,100.0
힐링,15,2,17,88.2,11.8
정보,7,10,17,41.2,58.8
교동,0,17,17,0.0,100.0
당일,5,11,16,31.2,68.8
석빙고,16,0,16,100.0,0.0
상상,1,15,16,6.2,93.8
정도,11,5,16,68.8,31.2
파크,15,0,15,100.0,0.0
처음,0,15,15,0.0,100.0
파도,15,0,15,100.0,0.0
김주미,0,15,15,0.0,100.0
세계,10,5,15,66.7,33.3
지원,0,15,15,0.0,100.0
왕조,0,15,15,0.0,100.0
나정,15,0,15,100.0,0.0
난장,0,15,15,0.0,100.0
월드,10,5,15,66.7,33.3
읍천항,15,0,15,100.0,0.0
단체,0,15,15,0.0,100.0
초코파이,0,15,15,0.0,100.0
도보,10,5,15,66.7,33.3
대회,0,15,15,0.0,100.0
연화교,0,15,15,0.0,100.0
터널,5,10,15,33.3,66.7
산림,15,0,15,100.0,0.0
대점,15,0,15,100.0,0.0
포함,5,10,15,33.3,66.7
소설,15,0,15,100.0,0.0
광주,0,15,15,0.0,100.0
행사,5,10,15,33.3,66.7
나무,10,5,15,66.7,33.3
연구원,15,0,15,100.0,0.0
전시,0,15,15,0.0,100.0
아덴,15,0,15,100.0,0.0
전문,0,15,15,0.0,100.0
작성자,0,15,15,0.0,100.0
그곳,5,10,15,33.3,66.7
연인,10,5,15,66.7,33.3
감성,0,15,15,0.0,100.0
정월,0,15,15,0.0,100.0
눈길,15,0,15,100.0,0.0
건물,0,15,15,0.0,100.0
양동,15,0,15,100.0,0.0
시각,10,5,15,66.7,33.3
경기,0,15,15,0.0,100.0
예정,5,10,15,33.3,66.7
오랜만,5,10,15,33.3,66.7
오릉,15,0,15,100.0,0.0
얼마,5,10,15,33.3,66.7
답사,15,0,15,100.0,0.0
당신,10,5,15,66.7,33.3
남산,15,0,15,100.0,0.0
공예,0,15,15,0.0,100.0
교리,15,0,15,100.0,0.0
주문,15,0,15,100.0,0.0
생선,5,10,15,33.3,66.7
바람짝,0,15,15,0.0,100.0
베스트,15,0,15,100.0,0.0
매운탕,0,15,15,0.0,100.0
계림,15,0,15,100.0,0.0
번호,5,10,15,33.3,66.7
참고,10,5,15,66.7,33.3
입장,5,10,15,33.3,66.7
트래블,0,15,15,0.0,100.0
떡갈비,10,5,15,66.7,33.3
보문호,15,0,15,100.0,0.0
시래기,0,15,15,0.0,100.0
모자,0,15,15,0.0,100.0
보관,10,5,15,66.7,33.3
태조,0,15,15,0.0,100.0
분식,15,0,15,100.0,0.0
세병,0,15,15,0.0,100.0
바다,15,0,15,100.0,0.0
물관,0,15,15,0.0,100.0
손자,0,15,15,0.0,100.0
경상북도,15,0,15,100.0,0.0
밥집,5,10,15,33.3,66.7
루이,0,15,15,0.0,100.0
레일바이크,0,15,15,0.0,100.0
언제,0,15,15,0.0,100.0
매력,5,10,15,33.3,66.7
주전부리,15,0,15,100.0,0.0
밥상,5,10,15,33.3,66.7
경관,5,10,15,33.3,66.7
일정,5,10,15,33.3,66.7
맷돌,15,0,15,100.0,0.0
가능,10,5,15,66.7,33.3
첨성,15,0,15,100.0,0.0
보쌈,15,0,15,100.0,0.0
스타,4,10,14,28.6,71.4
필요,14,0,14,100.0,0.0
황룡,14,0,14,100.0,0.0
이름,9,5,14,64.3,35.7
무엇,0,13,13,0.0,100.0
오전,5,8,13,38.5,61.5
개인,0,13,13,0.0,100.0
은행,5,7,12,41.7,58.3
일자,12,0,12,100.0,0.0
마이산,0,12,12,0.0,100.0
학교,12,0,12,100.0,0.0
대나무,0,12,12,0.0,100.0
한정식,2,10,12,16.7,83.3
무료,7,5,12,58.3,41.7
고도,7,5,12,58.3,41.7
옛날,0,12,12,0.0,100.0
이상,11,0,11,100.0,0.0
겹벚꽃,11,0,11,100.0,0.0
분황사,11,0,11,100.0,0.0
압지,11,0,11,100.0,0.0
언니,11,0,11,100.0,0.0
시내,11,0,11,100.0,0.0
조점,0,11,11,0.0,100.0
현수교,0,10,10,0.0,100.0
지식,10,0,10,100.0,0.0
호동,0,10,10,0.0,100.0
옆집,10,0,10,100.0,0.0
전동,0,10,10,0.0,100.0
강릉,10,0,10,100.0,0.0
엑스,10,0,10,100.0,0.0
국보,5,5,10,50.0,50.0
지번,5,5,10,50.0,50.0
조기,0,10,10,0.0,100.0
풍년제,0,10,10,0.0,100.0
강동면,10,0,10,100.0,0.0
준비,10,0,10,100.0,0.0
영업,10,0,10,100.0,0.0
제주,0,10,10,0.0,100.0
한울,0,10,10,0.0,100.0
조금,10,0,10,100.0,0.0
연휴,10,0,10,100.0,0.0
점포,0,10,10,0.0,100.0
핵심,5,5,10,50.0,50.0
천마,10,0,10,100.0,0.0
하루,0,10,10,0.0,100.0
여도,10,0,10,100.0,0.0
정리,5,5,10,50.0,50.0
전안,0,10,10,0.0,100.0
한국도로공사,0,10,10,0.0,100.0
일요일,5,5,10,50.0,50.0
조선왕조실록,0,10,10,0.0,100.0
컨셉,10,0,10,100.0,0.0
자연,10,0,10,100.0,0.0
특별,5,5,10,50.0,50.0
트레,10,0,10,100.0,0.0
의미,10,0,10,100.0,0.0
관람,5,5,10,50.0,50.0
통일전,10,0,10,100.0,0.0
토함산,10,0,10,100.0,0.0
에세이,5,5,10,50.0,50.0
코로나,10,0,10,100.0,0.0
투리,0,10,10,0.0,100.0
이해,10,0,10,100.0,0.0
입구,5,5,10,50.0,50.0
친환경,0,10,10,0.0,100.0
고향,10,0,10,100.0,0.0
키워드,10,0,10,100.0,0.0
코파,0,10,10,0.0,100.0
클라라,10,0,10,100.0,0.0
코리아,0,10,10,0.0,100.0
차이,0,10,10,0.0,100.0
투자,0,10,10,0.0,100.0
구이,5,5,10,50.0,50.0
편집,0,10,10,0.0,100.0
경비,10,0,10,100.0,0.0
저희,10,0,10,100.0,0.0
조이,0,10,10,0.0,100.0
옥수수,10,0,10,100.0,0.0
재단,5,5,10,50.0,50.0
조카,0,10,10,0.0,100.0
일시,5,5,10,50.0,50.0
왕릉,10,0,10,100.0,0.0
최적,10,0,10,100.0,0.0
진박,0,10,10,0.0,100.0
포스팅,5,5,10,50.0,50.0
포대,10,0,10,100.0,0.0
장군,5,5,10,50.0,50.0
팔자,0,10,10,0.0,100.0
중리,0,10,10,0.0,100.0
작가,5,5,10,50.0,50.0
울주,10,0,10,100.0,0.0
원래,5,5,10,50.0,50.0
자박,0,10,10,0.0,100.0
숙영,0,10,10,0.0,100.0
에도,10,0,10,100.0,0.0
나들목,0,10,10,0.0,100.0
명물,0,10,10,0.0,100.0
명가,0,10,10,0.0,100.0
면적,0,10,10,0.0,100.0
둘레길,5,5,10,50.0,50.0
어린이,0,10,10,0.0,100.0
두부,10,0,10,100.0,0.0
어진,0,10,10,0.0,100.0
동안,5,5,10,50.0,50.0
얼굴,0,10,10,0.0,100.0
동방역,10,0,10,100.0,0.0
동고,0,10,10,0.0,100.0
돌솥,0,10,10,0.0,100.0
엘모,0,10,10,0.0,100.0
도청,0,10,10,0.0,100.0
도읍,0,10,10,0.0,100.0
도움,0,10,10,0.0,100.0
산수유,10,0,10,100.0,0.0
연남,0,10,10,0.0,100.0
도심,0,10,10,0.0,100.0
황금,10,0,10,100.0,0.0
대사습놀이,0,10,10,0.0,100.0
도로,5,5,10,50.0,50.0
단독,0,10,10,0.0,100.0
누나,0,10,10,0.0,100.0
누구,0,10,10,0.0,100.0
예향,0,10,10,0.0,100.0
오리,0,10,10,0.0,100.0
등산,5,5,10,50.0,50.0
명창,0,10,10,0.0,100.0
아래,0,10,10,0.0,100.0
부근,0,10,10,0.0,100.0
수목원,0,10,10,0.0,100.0
수난사,0,10,10,0.0,100.0
모녀,10,0,10,100.0,0.0
쉼터,0,10,10,0.0,100.0
모임,10,0,10,100.0,0.0
목련,10,0,10,100.0,0.0
시래,0,10,10,0.0,100.0
목적지,10,0,10,100.0,0.0
사장,0,10,10,0.0,100.0
문화유산,10,0,10,100.0,0.0
마무리,10,0,10,100.0,0.0
불안,0,10,10,0.0,100.0
시설,0,10,10,0.0,100.0
무형,0,10,10,0.0,100.0
보름,0,10,10,0.0,100.0
보너스,0,10,10,0.0,100.0
변신,0,10,10,0.0,100.0
박광일,10,0,10,100.0,0.0
시식,0,10,10,0.0,100.0
반월,10,0,10,100.0,0.0
방산,0,10,10,0.0,100.0
루비,10,0,10,100.0,0.0
배달,10,0,10,100.0,0.0
백제,10,0,10,100.0,0.0
버드,10,0,10,100.0,0.0
식품,0,10,10,0.0,100.0
선물,5,5,10,50.0,50.0
영화,0,10,10,0.0,100.0
설명,10,0,10,100.0,0.0
놀부,10,0,10,100.0,0.0
고속도,0,10,10,0.0,100.0
고분군,0,10,10,0.0,100.0
숲길,10,0,10,100.0,0.0
슈만,10,0,10,100.0,0.0
유럽,0,10,10,0.0,100.0
스테이,5,5,10,50.0,50.0
꽃동산,0,10,10,0.0,100.0
결혼식,0,10,10,0.0,100.0
유산,0,10,10,0.0,100.0
유언,0,10,10,0.0,100.0
능소화,10,0,10,100.0,0.0
유일,0,10,10,0.0,100.0
이다,0,10,10,0.0,100.0
노천온천,10,0,10,100.0,0.0
월드컵,0,10,10,0.0,100.0
개관,0,10,10,0.0,100.0
감수,0,10,10,0.0,100.0
이자,0,10,10,0.0,100.0
가운데,0,10,10,0.0,100.0
힐튼,10,0,10,100.0,0.0
휴게소,5,5,10,50.0,50.0
후배,10,0,10,100.0,0.0
인증,0,10,10,0.0,100.0
황오,10,0,10,100.0,0.0
일본식,0,10,10,0.0,100.0
일차,0,10,10,0.0,100.0
황남빵,10,0,10,100.0,0.0
임실,0,10,10,0.0,100.0
순두부찌개,10,0,10,100.0,0.0
경기장,0,10,10,0.0,100.0
숙박,5,5,10,50.0,50.0
과자점,0,10,10,0.0,100.0
꼬치,0,10,10,0.0,100.0
김제,0,10,10,0.0,100.0
그립,0,10,10,0.0,100.0
완자,0,10,10,0.0,100.0
소고기,5,5,10,50.0,50.0
군아,0,10,10,0.0,100.0
대말,10,0,10,100.0,0.0
구일집,0,10,10,0.0,100.0
광고,0,10,10,0.0,100.0
이성계,0,10,10,0.0,100.0
고장,0,10,10,0.0,100.0
공식,0,10,10,0.0,100.0
물건,0,9,9,0.0,100.0
관심,9,0,9,100.0,0.0
오래,0,9,9,0.0,100.0
최명희,0,9,9,0.0,100.0
데이,9,0,9,100.0,0.0
저자,5,4,9,55.6,44.4
선생,0,9,9,0.0,100.0
평화,5,4,9,55.6,44.4
마니아,9,0,9,100.0,0.0
이용,6,2,8,75.0,25.0
반찬,5,3,8,62.5,37.5
소양,0,8,8,0.0,100.0
객리,0,8,8,0.0,100.0
고래,8,0,8,100.0,0.0
최고,3,5,8,37.5,62.5
내부,5,2,7,71.4,28.6
생활,0,7,7,0.0,100.0
월요일,7,0,7,100.0,0.0
고속,5,2,7,71.4,28.6
무용,0,7,7,0.0,100.0
참여,5,2,7,71.4,28.6
햇살,5,2,7,71.4,28.6
탑승,5,2,7,71.4,28.6
공용,0,7,7,0.0,100.0
요즘,0,7,7,0.0,100.0
발길,0,7,7,0.0,100.0
풍남동,0,7,7,0.0,100.0
인원,7,0,7,100.0,0.0
이제,5,2,7,71.4,28.6
프로그램,0,7,7,0.0,100.0
단지,5,2,7,71.4,28.6
블로그,5,2,7,71.4,28.6
수요일,0,7,7,0.0,100.0
외관,5,2,7,71.4,28.6
황화,6,0,6,100.0,0.0
코스모스,6,0,6,100.0,0.0
길거리,0,6,6,0.0,100.0
새우탕,0,6,6,0.0,100.0
차량,1,5,6,16.7,83.3
수변,0,6,6,0.0,100.0
지도자,6,0,6,100.0,0.0
플레이스,6,0,6,100.0,0.0
작년,5,1,6,83.3,16.7
목적,1,5,6,16.7,83.3
감상,6,0,6,100.0,0.0
경험,6,0,6,100.0,0.0
가이드,1,5,6,16.7,83.3
길잡이,6,0,6,100.0,0.0
쓰래,0,5,5,0.0,100.0
라면,5,0,5,100.0,0.0
신명,0,5,5,0.0,100.0
신시가지,0,5,5,0.0,100.0
안주,0,5,5,0.0,100.0
안성맞춤,0,5,5,0.0,100.0
실내,0,5,5,0.0,100.0
실록,0,5,5,0.0,100.0
아가씨,0,5,5,0.0,100.0
아트,0,5,5,0.0,100.0
아내,0,5,5,0.0,100.0
시집,0,5,5,0.0,100.0
아들,0,5,5,0.0,100.0
라떼,5,0,5,100.0,0.0
아시아,0,5,5,0.0,100.0
등대,5,0,5,100.0,0.0
아중역,0,5,5,0.0,100.0
시청,0,5,5,0.0,100.0
주목,5,0,5,100.0,0.0
시조,0,5,5,0.0,100.0
슬치,0,5,5,0.0,100.0
수정관,0,5,5,0.0,100.0
수제,0,5,5,0.0,100.0
수준,0,5,5,0.0,100.0
수지,0,5,5,0.0,100.0
숙박업,0,5,5,0.0,100.0
술집,0,5,5,0.0,100.0
만발,5,0,5,100.0,0.0
스케줄,0,5,5,0.0,100.0
승광,0,5,5,0.0,100.0
안쪽,0,5,5,0.0,100.0
승률,0,5,5,0.0,100.0
승암,0,5,5,0.0,100.0
승전,0,5,5,0.0,100.0
만끽,5,0,5,100.0,0.0
만개,5,0,5,100.0,0.0
시립,0,5,5,0.0,100.0
마당,5,0,5,100.0,0.0
마감,5,0,5,100.0,0.0
린스,5,0,5,100.0,0.0
액세서리,0,5,5,0.0,100.0
매화,5,0,5,100.0,0.0
독서,5,0,5,100.0,0.0
더덕구이,5,0,5,100.0,0.0
대학교,5,0,5,100.0,0.0
오감,0,5,5,0.0,100.0
대중,5,0,5,100.0,0.0
오래전,0,5,5,0.0,100.0
오랫동안,0,5,5,0.0,100.0
오렌지,0,5,5,0.0,100.0
오렌지캬라멜,0,5,5,0.0,100.0
오른쪽,0,5,5,0.0,100.0
대종,5,0,5,100.0,0.0
옥도,0,5,5,0.0,100.0
옥마,0,5,5,0.0,100.0
온라인,0,5,5,0.0,100.0
완비,0,5,5,0.0,100.0
대전,5,0,5,100.0,0.0
대작,5,0,5,100.0,0.0
대인,5,0,5,100.0,0.0
예찬,0,5,5,0.0,100.0
영원,0,5,5,0.0,100.0
야간,0,5,5,0.0,100.0
연회,0,5,5,0.0,100.0
야성,0,5,5,0.0,100.0
드라이브,5,0,5,100.0,0.0
약속,0,5,5,0.0,100.0
양분,0,5,5,0.0,100.0
두산,5,0,5,100.0,0.0
동행,5,0,5,100.0,0.0
동쪽,5,0,5,100.0,0.0
동산,5,0,5,100.0,0.0
엄마,0,5,5,0.0,100.0
에서,0,5,5,0.0,100.0
동리,5,0,5,100.0,0.0
동대구,5,0,5,100.0,0.0
여럿,0,5,5,0.0,100.0
여름휴가,0,5,5,0.0,100.0
연지,0,5,5,0.0,100.0
연차,0,5,5,0.0,100.0
돌담길,5,0,5,100.0,0.0
매표,5,0,5,100.0,0.0
모델,5,0,5,100.0,0.0
매화꽃,5,0,5,100.0,0.0
방송국,0,5,5,0.0,100.0
배신,0,5,5,0.0,100.0
밤잠,5,0,5,100.0,0.0
백화점,0,5,5,0.0,100.0
벽화,0,5,5,0.0,100.0
바보,5,0,5,100.0,0.0
별장,0,5,5,0.0,100.0
병공,0,5,5,0.0,100.0
병호,0,5,5,0.0,100.0
바람,5,0,5,100.0,0.0
바디,5,0,5,100.0,0.0
보름날,0,5,5,0.0,100.0
보물,0,5,5,0.0,100.0
주소,5,0,5,100.0,0.0
복합,0,5,5,0.0,100.0
본가,0,5,5,0.0,100.0
밀면,5,0,5,100.0,0.0
미안,5,0,5,100.0,0.0
배경,0,5,5,0.0,100.0
발원,0,5,5,0.0,100.0
메카,5,0,5,100.0,0.0
발생지,0,5,5,0.0,100.0
변경,5,0,5,100.0,0.0
목차,0,5,5,0.0,100.0
무더위,0,5,5,0.0,100.0
벚나무,5,0,5,100.0,0.0
법칙,5,0,5,100.0,0.0
문종,0,5,5,0.0,100.0
문학,0,5,5,0.0,100.0
버블,5,0,5,100.0,0.0
배민,5,0,5,100.0,0.0
민물,0,5,5,0.0,100.0
민요,0,5,5,0.0,100.0
배롱나무,5,0,5,100.0,0.0
박물,0,5,5,0.0,100.0
반야,0,5,5,0.0,100.0
반집,0,5,5,0.0,100.0
발견,0,5,5,0.0,100.0
배려,5,0,5,100.0,0.0
부담,0,5,5,0.0,100.0
부분,0,5,5,0.0,100.0
미술관,5,0,5,100.0,0.0
북카페,0,5,5,0.0,100.0
무웅,5,0,5,100.0,0.0
샤워,0,5,5,0.0,100.0
서고,0,5,5,0.0,100.0
서곡,0,5,5,0.0,100.0
서다,0,5,5,0.0,100.0
서부,0,5,5,0.0,100.0
서비스,0,5,5,0.0,100.0
서쪽,0,5,5,0.0,100.0
무대,5,0,5,100.0,0.0
선조,0,5,5,0.0,100.0
세대,0,5,5,0.0,100.0
무궁화호,5,0,5,100.0,0.0
세월,0,5,5,0.0,100.0
세트,0,5,5,0.0,100.0
소공원,0,5,5,0.0,100.0
모전,5,0,5,100.0,0.0
대상지,5,0,5,100.0,0.0
생일,0,5,5,0.0,100.0
문제,5,0,5,100.0,0.0
상징,0,5,5,0.0,100.0
문화원,5,0,5,100.0,0.0
불량,0,5,5,0.0,100.0
미디어,5,0,5,100.0,0.0
미국,5,0,5,100.0,0.0
비경,0,5,5,0.0,100.0
비누,0,5,5,0.0,100.0
문화재,5,0,5,100.0,0.0
뿌리,0,5,5,0.0,100.0
사고사,0,5,5,0.0,100.0
상세,0,5,5,0.0,100.0
문학관,5,0,5,100.0,0.0
사진관,0,5,5,0.0,100.0
사찰,0,5,5,0.0,100.0
산세,0,5,5,0.0,100.0
산책로,0,5,5,0.0,100.0
삼겹살,0,5,5,0.0,100.0
상담,0,5,5,0.0,100.0
완주군,0,5,5,0.0,100.0
요일,0,5,5,0.0,100.0
요리사,0,5,5,0.0,100.0
출발,0,5,5,0.0,100.0
공부,5,0,5,100.0,0.0
곳곳,5,0,5,100.0,0.0
카라멜,0,5,5,0.0,100.0
카카오,0,5,5,0.0,100.0
카프카,0,5,5,0.0,100.0
캐릭터,0,5,5,0.0,100.0
고조,5,0,5,100.0,0.0
코앞,0,5,5,0.0,100.0
코티지,0,5,5,0.0,100.0
고요,5,0,5,100.0,0.0
콘텐츠,0,5,5,0.0,100.0
고수,5,0,5,100.0,0.0
클렌징,0,5,5,0.0,100.0
타월,0,5,5,0.0,100.0
태극기,0,5,5,0.0,100.0
고속도로,5,0,5,100.0,0.0
테미,0,5,5,0.0,100.0
치즈,0,5,5,0.0,100.0
공연장,5,0,5,100.0,0.0
고분,5,0,5,100.0,0.0
총화,0,5,5,0.0,100.0
직제학,0,5,5,0.0,100.0
진공,0,5,5,0.0,100.0
진심,0,5,5,0.0,100.0
진연,0,5,5,0.0,100.0
집현전,0,5,5,0.0,100.0
관련,5,0,5,100.0,0.0
참석,0,5,5,0.0,100.0
참참,0,5,5,0.0,100.0
천리,0,5,5,0.0,100.0
천막,0,5,5,0.0,100.0
천변,0,5,5,0.0,100.0
천상,0,5,5,0.0,100.0
첫인상,0,5,5,0.0,100.0
청춘,0,5,5,0.0,100.0
체다,0,5,5,0.0,100.0
체크인,0,5,5,0.0,100.0
초순,0,5,5,0.0,100.0
토요일,0,5,5,0.0,100.0
고기,5,0,5,100.0,0.0
요약,0,5,5,0.0,100.0
피신,0,5,5,0.0,100.0
감포,5,0,5,100.0,0.0
한눈,0,5,5,0.0,100.0
간직,5,0,5,100.0,0.0
한지,0,5,5,0.0,100.0
합류,0,5,5,0.0,100.0
향교,0,5,5,0.0,100.0
헤어,0,5,5,0.0,100.0
호공,0,5,5,0.0,100.0
호숫가,0,5,5,0.0,100.0
홈페이지,0,5,5,0.0,100.0
화장,0,5,5,0.0,100.0
활동,0,5,5,0.0,100.0
가본,5,0,5,100.0,0.0
회신,0,5,5,0.0,100.0
효자동,0,5,5,0.0,100.0
가보세요,5,0,5,100.0,0.0
휴가,0,5,5,0.0,100.0
필봉,0,5,5,0.0,100.0
개정판,5,0,5,100.0,0.0
고갯길,5,0,5,100.0,0.0
피난,0,5,5,0.0,100.0
트리,0,5,5,0.0,100.0
특색,0,5,5,0.0,100.0
틈새,0,5,5,0.0,100.0
티스토리,0,5,5,0.0,100.0
팀원,0,5,5,0.0,100.0
판소리,0,5,5,0.0,100.0
계명,5,0,5,100.0,0.0
계란찜,5,0,5,100.0,0.0
편집부,0,5,5,0.0,100.0
포인트,0,5,5,0.0,100.0
폭풍,0,5,5,0.0,100.0
품절,0,5,5,0.0,100.0
경상도,5,0,5,100.0,0.0
결론,5,0,5,100.0,0.0
프라이빗,0,5,5,0.0,100.0
게장,5,0,5,100.0,0.0
플레이,0,5,5,0.0,100.0
지혜,0,5,5,0.0,100.0
지체,0,5,5,0.0,100.0
지정,0,5,5,0.0,100.0
내용,5,0,5,100.0,0.0
이외,0,5,5,0.0,100.0
이유,0,5,5,0.0,100.0
내소,5,0,5,100.0,0.0
낮술,5,0,5,100.0,0.0
인상,0,5,5,0.0,100.0
남편,5,0,5,100.0,0.0
인터넷,0,5,5,0.0,100.0
인터체인지,0,5,5,0.0,100.0
일몽,0,5,5,0.0,100.0
일바,0,5,5,0.0,100.0
일반,0,5,5,0.0,100.0
일본,0,5,5,0.0,100.0
낙엽,5,0,5,100.0,0.0
일제,0,5,5,0.0,100.0
꽃길,5,0,5,100.0,0.0
임도,0,5,5,0.0,100.0
김홍식,5,0,5,100.0,0.0
이싸,0,5,5,0.0,100.0
노서동,5,0,5,100.0,0.0
관측,5,0,5,100.0,0.0
이때,0,5,5,0.0,100.0
보름달,5,0,5,100.0,0.0
대능원,5,0,5,100.0,0.0
우리나라,0,5,5,0.0,100.0
우산,0,5,5,0.0,100.0
웅전,0,5,5,0.0,100.0
월당,0,5,5,0.0,100.0
담장,5,0,5,100.0,0.0
위로,0,5,5,0.0,100.0
위쪽,0,5,5,0.0,100.0
다보탑,5,0,5,100.0,0.0
다리,5,0,5,100.0,0.0
능원,5,0,5,100.0,0.0
눈발,5,0,5,100.0,0.0
육전,0,5,5,0.0,100.0
은퇴,0,5,5,0.0,100.0
눈높이,5,0,5,100.0,0.0
이곳저곳,0,5,5,0.0,100.0
임진왜란,0,5,5,0.0,100.0
입소문,0,5,5,0.0,100.0
김유신,5,0,5,100.0,0.0
김연우,5,0,5,100.0,0.0
조명,0,5,5,0.0,100.0
조미료,0,5,5,0.0,100.0
국도,5,0,5,100.0,0.0
구름,5,0,5,100.0,0.0
구독,5,0,5,100.0,0.0
교통,5,0,5,100.0,0.0
조합,0,5,5,0.0,100.0
주편,0,5,5,0.0,100.0
중국,0,5,5,0.0,100.0
중식,0,5,5,0.0,100.0
중화요리,0,5,5,0.0,100.0
지관,0,5,5,0.0,100.0
지구,0,5,5,0.0,100.0
지구촌,0,5,5,0.0,100.0
지독,0,5,5,0.0,100.0
지란지교,0,5,5,0.0,100.0
지명,0,5,5,0.0,100.0
국수,5,0,5,100.0,0.0
국수집,5,0,5,100.0,0.0
제작,0,5,5,0.0,100.0
전망대,0,5,5,0.0,100.0
자투리,0,5,5,0.0,100.0
장점,0,5,5,0.0,100.0
재현,0,5,5,0.0,100.0
기획,5,0,5,100.0,0.0
기타,5,0,5,100.0,0.0
전라,0,5,5,0.0,100.0
기억,5,0,5,100.0,0.0
기분,5,0,5,100.0,0.0
궁전,5,0,5,100.0,0.0
기본,5,0,5,100.0,0.0
기념관,5,0,5,100.0,0.0
그늘,5,0,5,100.0,0.0
전통주,0,5,5,0.0,100.0
절친,0,5,5,0.0,100.0
젊음,0,5,5,0.0,100.0
정상,0,5,5,0.0,100.0
병원,5,0,5,100.0,0.0
복판,0,5,5,0.0,100.0
명색,0,5,5,0.0,100.0
황청,5,0,5,100.0,0.0
언양,5,0,5,100.0,0.0
양념,5,0,5,100.0,0.0
황남동,5,0,5,100.0,0.0
야생,5,0,5,100.0,0.0
애벌레,5,0,5,100.0,0.0
황룡사,5,0,5,100.0,0.0
안종,5,0,5,100.0,0.0
안녕,5,0,5,100.0,0.0
에이치,5,0,5,100.0,0.0
회사,5,0,5,100.0,0.0
아시나,5,0,5,100.0,0.0
아쉬움,5,0,5,100.0,0.0
훌리아,5,0,5,100.0,0.0
아기,5,0,5,100.0,0.0
실천,5,0,5,100.0,0.0
실시간,5,0,5,100.0,0.0
활산,5,0,5,100.0,0.0
엑스포,5,0,5,100.0,0.0
가세,0,5,5,0.0,100.0
열중,5,0,5,100.0,0.0
핑크,5,0,5,100.0,0.0
예보,5,0,5,100.0,0.0
학생,5,0,5,100.0,0.0
학자,5,0,5,100.0,0.0
영업시간,5,0,5,100.0,0.0
염불,5,0,5,100.0,0.0
한우구,5,0,5,100.0,0.0
열매,5,0,5,100.0,0.0
호랑이,5,0,5,100.0,0.0
해변,5,0,5,100.0,0.0
연중무휴,5,0,5,100.0,0.0
해장국,5,0,5,100.0,0.0
연주,5,0,5,100.0,0.0
연수원,5,0,5,100.0,0.0
여주,5,0,5,100.0,0.0
호두,5,0,5,100.0,0.0
가마솥,0,5,5,0.0,100.0
가슴,0,5,5,0.0,100.0
오랫만,5,0,5,100.0,0.0
계속,0,5,5,0.0,100.0
시계,5,0,5,100.0,0.0
시가지,5,0,5,100.0,0.0
스토리,5,0,5,100.0,0.0
스콘,5,0,5,100.0,0.0
경로,0,5,5,0.0,100.0
경연,0,5,5,0.0,100.0
계단,0,5,5,0.0,100.0
고개,0,5,5,0.0,100.0
시그,5,0,5,100.0,0.0
고고씽,0,5,5,0.0,100.0
순수,5,0,5,100.0,0.0
순부,5,0,5,100.0,0.0
고원,0,5,5,0.0,100.0
고자,0,5,5,0.0,100.0
수채화,5,0,5,100.0,0.0
골목,0,5,5,0.0,100.0
견적,0,5,5,0.0,100.0
거울,0,5,5,0.0,100.0
가야금,0,5,5,0.0,100.0
감영,0,5,5,0.0,100.0
가옥,0,5,5,0.0,100.0
신평동,5,0,5,100.0,0.0
가즈,0,5,5,0.0,100.0
각종,0,5,5,0.0,100.0
간식,0,5,5,0.0,100.0
간장,0,5,5,0.0,100.0
신청,5,0,5,100.0,0.0
강원도,0,5,5,0.0,100.0
시기,5,0,5,100.0,0.0
강점기,0,5,5,0.0,100.0
강추,0,5,5,0.0,100.0
시티투어,5,0,5,100.0,0.0
개국,0,5,5,0.0,100.0
시외,5,0,5,100.0,0.0
개장,0,5,5,0.0,100.0
개최,0,5,5,0.0,100.0
예쁘다,5,0,5,100.0,0.0
피로,5,0,5,100.0,0.0
수상,5,0,5,100.0,0.0
전시관,5,0,5,100.0,0.0
진행,5,0,5,100.0,0.0
집사람,5,0,5,100.0,0.0
정화,5,0,5,100.0,0.0
정글,5,0,5,100.0,0.0
척사,5,0,5,100.0,0.0
전향,5,0,5,100.0,0.0
전작,5,0,5,100.0,0.0
체인,5,0,5,100.0,0.0
지적,5,0,5,100.0,0.0
전경,5,0,5,100.0,0.0
초등,5,0,5,100.0,0.0
장맛비,5,0,5,100.0,0.0
자전거,5,0,5,100.0,0.0
출간,5,0,5,100.0,0.0
출입문,5,0,5,100.0,0.0
출장,5,0,5,100.0,0.0
진입,5,0,5,100.0,0.0
제격,5,0,5,100.0,0.0
자연사,5,0,5,100.0,0.0
중심지,5,0,5,100.0,0.0
좌우,5,0,5,100.0,0.0
주제,5,0,5,100.0,0.0
종류,5,0,5,100.0,0.0
종료,5,0,5,100.0,0.0
조식,5,0,5,100.0,0.0
중교,5,0,5,100.0,0.0
중순,5,0,5,100.0,0.0
중학교,5,0,5,100.0,0.0
지이,5,0,5,100.0,0.0
쥬얼,5,0,5,100.0,0.0
조상,5,0,5,100.0,0.0
조광민,5,0,5,100.0,0.0
제휴,5,0,5,100.0,0.0
제주도,5,0,5,100.0,0.0
제육,5,0,5,100.0,0.0
제공,5,0,5,100.0,0.0
취향,5,0,5,100.0,0.0
친절,5,0,5,100.0,0.0
피날레,5,0,5,100.0,0.0
패밀리,5,0,5,100.0,0.0
특징,5,0,5,100.0,0.0
티비,5,0,5,100.0,0.0
티켓,5,0,5,100.0,0.0
유적,5,0,5,100.0,0.0
파전,5,0,5,100.0,0.0
유익,5,0,5,100.0,0.0
판다,5,0,5,100.0,0.0
평가,5,0,5,100.0,0.0
육수,5,0,5,100.0,0.0
평온,5,0,5,100.0,0.0
월산,5,0,5,100.0,0.0
워시,5,0,5,100.0,0.0
요기,5,0,5,100.0,0.0
포석정,5,0,5,100.0,0.0
와이프,5,0,5,100.0,0.0
옥천사,5,0,5,100.0,0.0
유혹,5,0,5,100.0,0.0
육월,5,0,5,100.0,0.0
칠불암,5,0,5,100.0,0.0
크리스마스,5,0,5,100.0,0.0
자료,5,0,5,100.0,0.0
자녀,5,0,5,100.0,0.0
입맛,5,0,5,100.0,0.0
컨트리클럽,5,0,5,100.0,0.0
케이트,5,0,5,100.0,0.0
입력,5,0,5,100.0,0.0
일전,5,0,5,100.0,0.0
타워,5,0,5,100.0,0.0
이동,5,0,5,100.0,0.0
타임캡슐,5,0,5,100.0,0.0
탁주,5,0,5,100.0,0.0
인테리어,5,0,5,100.0,0.0
탐방기,5,0,5,100.0,0.0
인기,5,0,5,100.0,0.0
이후,5,0,5,100.0,0.0
이동은,5,0,5,100.0,0.0
골프,0,5,5,0.0,100.0
각지,0,5,5,0.0,100.0
흔적,0,5,5,0.0,100.0
농악,0,5,5,0.0,100.0
달고나,0,5,5,0.0,100.0
리스트,0,5,5,0.0,100.0
리저,0,5,5,0.0,100.0
생필품,5,0,5,100.0,0.0
마루,0,5,5,0.0,100.0
다가산,0,5,5,0.0,100.0
다가,0,5,5,0.0,100.0
샴푸,5,0,5,100.0,0.0
서나,5,0,5,100.0,0.0
마약,0,5,5,0.0,100.0
마전,0,5,5,0.0,100.0
불국사역,5,0,5,100.0,0.0
만단,0,5,5,0.0,100.0
농촌,0,5,5,0.0,100.0
매거진,0,5,5,0.0,100.0
기악,0,5,5,0.0,100.0
네오,0,5,5,0.0,100.0
서라벌,5,0,5,100.0,0.0
석가탑,5,0,5,100.0,0.0
매립장,0,5,5,0.0,100.0
남노,0,5,5,0.0,100.0
석탑,5,0,5,100.0,0.0
사정,5,0,5,100.0,0.0
선사,5,0,5,100.0,0.0
끝자락,0,5,5,0.0,100.0
섭렵,5,0,5,100.0,0.0
성동,5,0,5,100.0,0.0
꼬까,0,5,5,0.0,100.0
성지,5,0,5,100.0,0.0
성터,5,0,5,100.0,0.0
수단,5,0,5,100.0,0.0
리뷰,0,5,5,0.0,100.0
달맞이,0,5,5,0.0,100.0
당과,0,5,5,0.0,100.0
사전,5,0,5,100.0,0.0
사진가,5,0,5,100.0,0.0
산내,5,0,5,100.0,0.0
산사,5,0,5,100.0,0.0
사실,5,0,5,100.0,0.0
동문,0,5,5,0.0,100.0
된장찌개,0,5,5,0.0,100.0
산송,5,0,5,100.0,0.0
삼국,5,0,5,100.0,0.0
삼층석탑,5,0,5,100.0,0.0
도로변,0,5,5,0.0,100.0
도로공원,0,5,5,0.0,100.0
비향,5,0,5,100.0,0.0
도로공사,0,5,5,0.0,100.0
데프콘,0,5,5,0.0,100.0
비빔,5,0,5,100.0,0.0
데크,0,5,5,0.0,100.0
덕진구,0,5,5,0.0,100.0
상춘객,5,0,5,100.0,0.0
로컬,0,5,5,0.0,100.0
비뉴,5,0,5,100.0,0.0
대형,0,5,5,0.0,100.0
상호,5,0,5,100.0,0.0
대여,0,5,5,0.0,100.0
새벽,5,0,5,100.0,0.0
새송이,5,0,5,100.0,0.0
르윈,0,5,5,0.0,100.0
대국,0,5,5,0.0,100.0
당시,0,5,5,0.0,100.0
북군동,5,0,5,100.0,0.0
불고기,5,0,5,100.0,0.0
기린,0,5,5,0.0,100.0
구경거리,0,5,5,0.0,100.0
소나무,5,0,5,100.0,0.0
부지,5,0,5,100.0,0.0
소인,5,0,5,100.0,0.0
군것질,0,5,5,0.0,100.0
국립,0,5,5,0.0,100.0
구입,0,5,5,0.0,100.0
소장,5,0,5,100.0,0.0
송이,5,0,5,100.0,0.0
구이면,0,5,5,0.0,100.0
공존,0,5,5,0.0,100.0
봄꽃,5,0,5,100.0,0.0
송국영,5,0,5,100.0,0.0
권유,0,5,5,0.0,100.0
명고,0,5,5,0.0,100.0
관계자,0,5,5,0.0,100.0
교지,0,5,5,0.0,100.0
교등,0,5,5,0.0,100.0
소재지,5,0,5,100.0,0.0
광화문,0,5,5,0.0,100.0
손님,5,0,5,100.0,0.0
솔거,5,0,5,100.0,0.0
명당,0,5,5,0.0,100.0
관광,0,5,5,0.0,100.0
관광객,0,5,5,0.0,100.0
궁도,0,5,5,0.0,100.0
명단,0,5,5,0.0,100.0
보문관광단지,5,0,5,100.0,0.0
수고,5,0,5,100.0,0.0
금암동,0,5,5,0.0,100.0
그릇,0,5,5,0.0,100.0
그대,0,5,5,0.0,100.0
글로벌,0,5,5,0.0,100.0
공신,0,5,5,0.0,100.0
근대,0,5,5,0.0,100.0
기독교,0,5,5,0.0,100.0
송진주,5,0,5,100.0,0.0
세상,5,0,5,100.0,0.0
글자,0,5,5,0.0,100.0
누리,4,0,4,100.0,0.0
주택,0,4,4,0.0,100.0
얼음,4,0,4,100.0,0.0
돌고래,4,0,4,100.0,0.0
음악,0,4,4,0.0,100.0
창고,4,0,4,100.0,0.0
기지,0,4,4,0.0,100.0
갤러리,0,4,4,0.0,100.0
벅스,4,0,4,100.0,0.0
일종,4,0,4,100.0,0.0
장생포,4,0,4,100.0,0.0
안압,4,0,4,100.0,0.0
고풍,0,4,4,0.0,100.0
아카,0,4,4,0.0,100.0
사업,0,4,4,0.0,100.0
성호,4,0,4,100.0,0.0
관점,4,0,4,100.0,0.0
로앤,0,4,4,0.0,100.0
수산,0,4,4,0.0,100.0
리조트,4,0,4,100.0,0.0
화창,0,4,4,0.0,100.0
임대,0,4,4,0.0,100.0
가터,0,4,4,0.0,100.0
여유,0,4,4,0.0,100.0
한식재단,0,4,4,0.0,100.0
한식당,0,4,4,0.0,100.0
모주,0,4,4,0.0,100.0
기라,4,0,4,100.0,0.0
농림,0,4,4,0.0,100.0
한국인,0,4,4,0.0,100.0
선정,0,4,4,0.0,100.0
특구,4,0,4,100.0,0.0
혼불,0,4,4,0.0,100.0
고구마,0,4,4,0.0,100.0
영조,4,0,4,100.0,0.0
감자탕,0,4,4,0.0,100.0
한참,0,4,4,0.0,100.0
형성,4,0,4,100.0,0.0
고속버스,0,4,4,0.0,100.0
핸드폰,0,4,4,0.0,100.0
가요,4,0,4,100.0,0.0
돌핀,3,0,3,100.0,0.0
고민,0,3,3,0.0,100.0
레스토랑,0,3,3,0.0,100.0
후식,0,3,3,0.0,100.0
또순이,0,3,3,0.0,100.0
구매,3,0,3,100.0,0.0
특보,3,0,3,100.0,0.0
구황동,3,0,3,100.0,0.0
분황,3,0,3,100.0,0.0
호기심,3,0,3,100.0,0.0
메뉴,0,3,3,0.0,100.0
햇빛,3,0,3,100.0,0.0
기온,3,0,3,100.0,0.0
감사,3,0,3,100.0,0.0
상태,3,0,3,100.0,0.0
농가,0,3,3,0.0,100.0
폭염,3,0,3,100.0,0.0
스토어,3,0,3,100.0,0.0
보급,0,2,2,0.0,100.0
장소라,2,0,2,100.0,0.0
혁신,0,2,2,0.0,100.0
휴강,0,2,2,0.0,100.0
헬스,0,2,2,0.0,100.0
허기,0,2,2,0.0,100.0
해결,0,2,2,0.0,100.0
번지,0,2,2,0.0,100.0
문필가,0,2,2,0.0,100.0
천문,2,0,2,100.0,0.0
평일,0,2,2,0.0,100.0
라미,0,2,2,0.0,100.0
품바,0,2,2,0.0,100.0
한곳,0,2,2,0.0,100.0
메뉴판,0,2,2,0.0,100.0
본점,0,2,2,0.0,100.0
양질,0,2,2,0.0,100.0
봄날,0,2,2,0.0,100.0
나무숲,0,2,2,0.0,100.0
관측대,2,0,2,100.0,0.0
요금표,2,0,2,100.0,0.0
주공,0,2,2,0.0,100.0
정감,0,2,2,0.0,100.0
네이버,0,2,2,0.0,100.0
기상,2,0,2,100.0,0.0
해오름,2,0,2,100.0,0.0
냉장고,0,2,2,0.0,100.0
수다,0,2,2,0.0,100.0
순회,0,2,2,0.0,100.0
지도,0,2,2,0.0,100.0
김영아,0,2,2,0.0,100.0
규모,0,2,2,0.0,100.0
우등,0,2,2,0.0,100.0
쓰레기통,0,2,2,0.0,100.0
옷걸이,0,2,2,0.0,100.0
시니어,2,0,2,100.0,0.0
아파트,0,2,2,0.0,100.0
예술단,0,2,2,0.0,100.0
야심,0,2,2,0.0,100.0
생가,0,2,2,0.0,100.0
선무,0,2,2,0.0,100.0
대문,0,2,2,0.0,100.0
더위,0,2,2,0.0,100.0
부산,0,2,2,0.0,100.0
클럽,2,0,2,100.0,0.0
인왕동,2,0,2,100.0,0.0
관람료,2,0,2,100.0,0.0
뽐뿌,0,2,2,0.0,100.0
차미,0,2,2,0.0,100.0
주민,0,2,2,0.0,100.0
샛길,1,0,1,100.0,0.0
방기,1,0,1,100.0,0.0
지난주,1,0,1,100.0,0.0
인근,0,1,1,0.0,100.0
안목,1,0,1,100.0,0.0
판매,0,1,1,0.0,100.0
과언,1,0,1,100.0,0.0
시점,0,1,1,0.0,100.0
식감,0,1,1,0.0,100.0
공유,1,0,1,100.0,0.0
신기,1,0,1,100.0,0.0
루틴,1,0,1,100.0,0.0
대절,1,0,1,100.0,0.0
일박,1,0,1,100.0,0.0
치맥,1,0,1,100.0,0.0
점인,1,0,1,100.0,0.0
쿠쿠,0,1,1,0.0,100.0
일반인,1,0,1,100.0,0.0
역시,0,1,1,0.0,100.0
리도,0,1,1,0.0,100.0
약술,0,1,1,0.0,100.0
인도,1,0,1,100.0,0.0
매미,1,0,1,100.0,0.0
이웃,1,0,1,100.0,0.0
한수,1,0,1,100.0,0.0
다양,0,1,1,0.0,100.0
정성,0,1,1,0.0,100.0
붕붕이,1,0,1,100.0,0.0
골목길,1,0,1,100.0,0.0
정동,0,1,1,0.0,100.0
정답,1,0,1,100.0,0.0
귀뚜라미,1,0,1,100.0,0.0
지옥,1,0,1,100.0,0.0
풍요,1,0,1,100.0,0.0
왼쪽,1,0,1,100.0,0.0
저저,1,0,1,100.0,0.0
사상,0,1,1,0.0,100.0
계절,1,0,1,100.0,0.0
연잎,1,0,1,100.0,0.0
간기,1,0,1,100.0,0.0
전문가,1,0,1,100.0,0.0
엔비,1,0,1,100.0,0.0
지로나,1,0,1,100.0,0.0
자체,0,1,1,0.0,100.0
